FO,Region,Country,ACD Location,lat,lon,Latlong Source,Guess,REC_ID,ENL_ID,yr_start,yr_end,surv_int,pcd,cases,pyor,y,LN(y),s.e.,LCI95,UCI95,Mylem,Myuem,n,n+,lar,uar,PfPR,pr,mbg_pr,mix_pr,Ref ACD,Ref PfPR,Notes,
1,Africa+,Kenya,Kipsamoite,0.3229,34.9991,GPS,1,-1594652147,2755,2001,2001,7,Y,116,2913,39.821,3.684,0.093,33.196,47.770,6.626,7.948,152,2,0.0,99.0,1.316,1.725,9.897,1.725,3,4,,
2,Africa+,Kenya,Kipsamoite,0.3229,34.9991,GPS,1,-1594652147,2755,2002,2002,7,Y,388,3038,127.716,4.850,0.051,115.619,141.078,12.096,13.362,228,18,0.0,99.0,7.895,10.348,15.851,10.348,3,4,,
3,Africa+,Kenya,Kipsamoite,0.3229,34.9991,GPS,1,-1594652147,2755,2003,2003,7,Y,167,3094,53.975,3.989,0.077,46.380,62.815,7.596,8.840,,,,,,,17.964,17.964,3,4,,
4,Africa+,Kenya,Kipsamoite,0.3229,34.9991,GPS,1,-1594652147,2755,2004,2004,7,Y,124,2877,43.100,3.764,0.090,36.144,51.395,6.956,8.295,,,,,,,16.271,16.271,3,4,,
5,Africa+,Kenya,Ngilai,1.2206,37.3264,Other,1,-1333309789,571,2001,2004,7,Y,13,238,54.622,4.000,0.277,31.716,94.070,22.906,39.448,,,,,,,32.662,32.662,6,4,,
6,Africa+,Kenya,Ngerenya,-3.5153,39.8376,GPS,1,-1969658528,571,1999,2000,7.000,Y,583,779,748.290,6.618,0.041,689.947,811.566,58.342,63.276,1117,244,1.0,9.0,21.844,22.027,30.289,22.027,"10, 11,12",10,,
7,Africa+,Kenya,Ngerenya,-3.5153,39.8376,GPS,1,-1969658528,571,2000,2001,7,Y,882,910,968.794,6.876,0.034,906.921,1034.888,61.873,66.094,1074,305,1.0,9.0,28.399,28.636,25.909,28.636,"10, 11,12",10,,
8,Africa+,Kenya,Chonyi,-3.7231,39.7249,GPS,1,-279264136,571,2000,2001,7,Y,609,843,722.180,6.582,0.041,667.041,781.877,55.139,59.697,1017,390,1.0,9.0,38.348,38.669,38.124,38.669,"10, 11,12",11,,
9,Africa+,Kenya,Chonyi,-3.7231,39.7249,GPS,1,-279264136,571,1999,2000,7,Y,415,746,556.420,6.322,0.049,505.380,612.614,51.040,56.195,1091,467,1.0,9.0,42.805,43.163,48.585,43.163,"10, 11,12",11,,
10,Africa+,Madagascar,Ankazobe,-18.316,47.118,Encarta,1,1192887640,2481,1993,1996,2.000,Y,949,3316,81.768,4.404,0.032,76.728,87.140,5.040,5.372,14580,2088,0.0,95.0,14.321,18.771,30.412,18.771,9,9,,
11,Africa+,Mali,Donéguébougou,12.8010,-7.9840,Encarta,1,1172081460,3245,1999,1999,7,Y,262,379,691.293,6.539,0.062,612.454,780.280,78.839,88.987,1028,556,0.0,20.0,54.086,59.206,55.307,59.206,7,7,,
12,Africa+,Mali,Donéguébougou,12.8010,-7.9840,Encarta,1,1172081460,3245,2000,2000,7,Y,271,389,697.375,6.547,0.061,619.097,785.551,78.278,88.176,1097,530,0.0,20.0,48.314,52.887,53.921,52.887,7,7,,
13,Africa+,Mali,Sotuba,12.6490,-7.9340,Encarta,1,-920232646,3245,1999,1999,7,Y,379,383,989.040,6.897,0.051,894.313,1093.800,94.727,104.760,1142,172,0.0,20.0,15.061,16.487,40.318,16.487,7,7,,
14,Africa+,Mali,Sotuba,12.6490,-7.9340,Encarta,1,-920232646,3245,2000,2000,7,Y,197,383,514.092,6.242,0.071,447.089,591.136,67.003,77.044,1103,67,0.0,20.0,6.074,6.649,38.910,6.649,7,7,,
15,Africa+,Mali,Koro (Dogon),14.5111,-3.0705,Pers. Comm.,1,-1277740638,433,1999,2000,3,Y,1390,1970,302.393,5.712,0.027,286.906,318.716,15.487,16.322,4382,1053,0.0,99.0,24.030,31.497,39.318,31.497,8,8,,
16,Africa+,Mali,Koro (Fulani),14.5111,-3.0705,Pers. Comm.,1,-1277740638,433,1999,2000,3.000,Y,292,552,226.708,5.424,0.059,202.140,254.262,24.568,27.553,969,138,0.0,99.0,14.241,18.667,39.319,18.667,8,8,,
17,Africa+,Mali,Bandiagara (control),14.3440,-3.6060,Encarta,1,-1048980351,427,1999,1999,7,Y,199,158,1261.090,7.140,0.071,1097.501,1449.063,163.589,187.973,638,261,0,10,40.909,42.811,45.333,45.333,15,4,,
18,Africa+,Mali,Bandiagara (SP Rx),14.3440,-3.6060,Encarta,1,-1048980351,427,1999,1999,7,Y,202,157,1284.170,7.158,0.070,1118.745,1474.056,165.425,189.886,638,261,0,10,40.909,42.811,45.378,45.378,15,4,,
19,Africa+,Senegal,Dakar,14.7170,-17.4500,Combination,2,-1180088854,424,1996,1997,7,N,26,1067,24.367,3.193,0.196,16.591,35.789,7.776,11.421,5365,75,2.0,9.0,1.398,1.398,4.421,1.398,1,1,,
20,Africa+,Senegal,Ndiop,13.6830,-16.3830,Paper,2,-481432576,795,1993,1994,7,Y,565,351,1609.687,7.384,0.042,1482.280,1748.044,127.406,138.357,1705,510,0.0,14.0,29.912,30.930,38.956,30.930,13,13,,
21,Africa+,Senegal,Barkedji,15.1700,-14.5300,Paper,1,,,1994,1995,10,N,84,123,975.610,6.883,0.109,787.772,1208.235,187.837,232.626,,,,,,,21.743,21.743,14,4,,
22,Africa+,South Africa,Ndumu and Makanis area,-27.1000,32.2110,Combination,2,,,1996,1996,7,Y,2725,13099,208.031,5.338,0.019,200.365,215.991,7.666,7.959,,,,,,,4.959,4.959,5,4,,
23,Africa+,Sudan,Daraweesh,13.9330,35.4980,Combination,2,-1808279707,476,1993,1993,2,Y,158,415,108.778,4.689,0.080,93.073,127.134,15.705,18.356,881,78,0.0,88.0,8.854,11.605,4.207,11.605,2,2,,
24,Africa+,Sudan,Daraweesh,13.9330,35.4980,Combination,2,-1808279707,476,1994,1994,2,Y,176,432,116.402,4.757,0.075,100.415,134.935,15.987,18.533,881,78,0.0,88.0,8.854,11.605,3.266,11.605,2,2,,
25,Africa+,Sudan,Daraweesh,13.9330,35.4980,Combination,2,-1808279707,476,1995,1995,2,Y,108,421,73.295,4.294,0.096,60.697,88.508,12.598,15.213,914,16,0.0,88.0,1.751,2.295,5.775,2.295,2,2,,
26,America,Brazil,Urupa,-9.0860,-63.6680,Combination,1,-1075843466,874,1996,1996,7,Y,4,145,27.586,3.317,0.500,10.353,73.502,17.233,45.916,145,2,0,99,1.379,1.808,5.166,1.808,19,4,,
27,America,Brazil,Ramal do Granada,-10.2416,-67.2083,Combination,1,1150269642,1004,2004,2005,2,Y,108,636,48.498,3.882,0.096,40.162,58.565,8.336,10.066,1109,8,5,70,0.72,0.989,0.481,0.989,21,4,,
28,America,Brazil,Urupa,-9.0860,-63.6680,Combination,2,-1075843466,874,1991,1992,7,Y,64,168,380.952,5.943,0.125,298.173,486.713,82.779,105.761,505,4,0.0,99.0,0.792,1.038,2.967,1.038,22,22,,
29,America,Brazil,Urupa,-9.0860,-63.6680,Combination,2,-1075843466,874,1991,1992,7,Y,69,144,478.890,6.171,0.120,378.234,606.331,100.655,127.442,505,4,0.0,99.0,0.792,1.038,2.969,1.038,23,22,,
30,America,Brazil,Portucheulo,-8.6080,-63.6100,Combination,2,-468576125,873,1998,1999,3,Y,28,175,68.571,4.228,0.189,47.345,99.313,21.226,30.742,73,4,0,99,5.48,7.183,4.013,7.183,26,4,,
31,America,Brazil,Leonislandia,-10.2770,-54.9840,Combination,2,-1333560538,858,1996,1997,7,Y,22,521,42.226,3.743,0.213,27.804,64.131,14.423,21.904,679,16,0.0,99.0,2.400,3.146,7.871,3.146,27,27,,
32,America,Brazil,Vila Candelaria,-8.7855,-63.9177,Paper,1,1697197569,2847,2001,2001,7,Y,22,270,81.481,4.400,0.213,53.651,123.748,27.830,42.267,310,19,0.0,99.0,6.129,8.034,4.499,8.034,28,28,,
33,America,Brazil,Vila Candelaria,-8.7855,-63.9177,Paper,1,1697197569,2847,2002,2002,7,Y,22,270,81.481,4.400,0.213,53.651,123.748,27.830,42.267,118,11,0.0,99.0,9.322,12.219,5.300,12.219,28,28,,
34,America,Guatemala,Los Amates,15.2570,-89.1010,Combination,1,1141879071,905,1990,1991,14,Y,11,350,31.429,3.448,0.302,17.405,56.751,14.024,25.323,1024,4,0.0,99.0,0.391,0.512,2.114,0.512,17,17,,
35,America,Peru,Tambogrande/Bellavista (Dry),-4.9500,-80.5340,Encarta,1,-1856391743,915,1996,1997,7,N,6,4510,1.330,0.285,0.408,0.598,2.961,0.733,1.631,954,2,0.0,99.0,0.210,0.275,1.047,0.275,16,16,,
36,America,Peru,Tambogrande/Bellavista II (Int),-4.9170,-80.5170,Encarta,1,964551238,915,1996,1997,7,N,42,4598,9.134,2.212,0.154,6.750,12.360,2.384,3.226,741,3,0.0,99.0,0.405,0.531,1.077,0.531,16,16,,
37,America,Peru,Tambogrande/Bellavista III (Green),-4.8700,-80.5500,Other,1,-800270988,915,1996,1997,7,N,175,3324,52.647,3.964,0.076,45.397,61.055,7.250,8.408,703,9,0.0,99.0,1.280,1.678,1.140,1.678,16,16,,
38,America,Peru,Padre Cocha,-3.6986,-73.2775,Paper,1,1791189132,891,1997,1998,7,Y,232,1400,165.714,5.110,0.066,145.705,188.471,20.009,22.757,1022,13,0.0,99.0,1.300,1.704,4.120,1.704,25,25,,
39,America,Venezuela,Las Majadas (non-vaccine),7.6330,-64.8340,Encarta,1,-1003759519,907,1988,1989,14,Y,49,941,52.084,3.953,0.143,39.364,68.914,12.720,16.830,11117,49,11.0,90.0,0.441,0.743,3.531,0.743,20,18,,
40,America,Venezuela,Las Majadas (non-vaccine),7.6330,-64.8340,Encarta,1,-1003759519,907,1989,1990,14,Y,56,825,67.852,4.217,0.134,52.217,88.168,15.635,20.316,11117,49,11.0,90.0,0.441,0.743,3.378,0.743,20,18,,
41,America,Venezuela,Las Majadas,7.6330,-64.8340,Encarta,1,-1003759519,907,1988,1989,14,Y,89,941,94.601,4.550,0.106,76.854,116.446,17.747,21.845,11117,49,11.0,90.0,0.441,0.743,3.523,0.743,20,18,,
42,America,Venezuela,Ocamo & Mavaca (Int),2.5088,-65.1461,GPS,1,-2079865279,950,1999,2000,14,Y,73,835,87.415,4.471,0.117,69.496,109.954,17.919,22.540,293,3,0.5,99.0,1.024,1.331,3.082,1.331,24,24,,
43,America,Venezuela,Ocamo & Mavaca,2.7690,-65.2031,GPS,1,1160335348,950,1999,2000,14,Y,108,917,117.814,4.769,0.096,97.564,142.267,20.250,24.453,332,14,0.5,99.0,4.217,5.480,2.495,5.480,24,24,,
44,America,Venezuela,Coyoweteri & Coshiloweteri (main),2.5470,-64.7680,Combination,2,304394609,895,1993,1994,7,Y,32,625,51.173,3.935,0.177,36.188,72.363,14.985,21.190,1311,87,0.0,99.0,6.600,8.651,5.503,8.651,29,29,,
45,America,Venezuela,Coyoweteri & Coshiloweteri (remote),3.8550,-65.6950,Combination,2,573675783,895,1993,1994,7,Y,32,1123,28.504,3.350,0.177,20.157,40.307,8.347,11.803,1311,87,0.0,99.0,6.600,8.651,5.289,8.651,29,29,,
46,CSE Asia,China,Bainan (C),23.0650,105.8310,Encarta,1,,,1990,1992,7,N,30,12308,2.437,0.891,0.183,1.704,3.486,0.733,1.049,,,,,,,0.920,0.920,44,4,,
47,CSE Asia,China,Baisen,23.1576,105.6666,Other,2,,,1990,1991,7,N,11,3565,3.086,1.127,0.302,1.709,5.572,1.377,2.486,519,24,0.0,99.0,4.600,6.029,0.881,6.029,44,44,,
48,CSE Asia,China,Dayouza (b4 intervention),25.4140,107.8800,Combination,3,,,1990,1990,7,N,101,2889,34.960,3.554,0.100,28.766,42.489,6.195,7.528,710,38,0.0,99.0,5.300,6.947,3.815,6.947,44,44,,
49,CSE Asia,China,Genban (C),25.3710,107.8560,Combination,3,,,1990,1991,7,N,188,12423,15.133,2.717,0.073,13.117,17.459,2.016,2.326,1994,179,0.0,99.0,9.000,11.797,4.854,11.797,44,44,,
50,CSE Asia,China,Nalong & Pingmon (b4 int),23.3234,105.7117,Other,2,,,1990,1990,7,N,29,18920,1.533,0.427,0.186,1.065,2.206,0.468,0.673,524,25,0.0,99.0,4.700,6.160,1.055,6.160,44,44,,
51,CSE Asia,India,Anandpur,28.5060,77.6170,Combination,2,597783481,2998,2004,2006,14,N,67,2000,67.000,4.205,0.122,52.733,85.127,14.267,18.127,692,39,0.0,99.0,5.636,7.387,1.707,7.387,31,31,,
52,CSE Asia,India,Beel Akbarpur,28.4880,77.6090,Combination,2,-2066051688,2998,2004,2006,14,N,18,3600,10.000,2.303,0.236,6.300,15.872,3.700,5.872,703,12,0.0,99.0,1.707,2.237,1.479,2.237,31,31,,
53,CSE Asia,India,Khandera,28.5230,77.6370,Combination,2,996720979,2998,2004,2006,14,N,3,4000,1.500,0.405,0.577,0.484,4.651,1.016,3.151,715,0,0.0,99.0,0.000,0.007,1.802,0.007,31,31,,
54,CSE Asia,India,Mubarakpur (control),28.6830,77.5320,Combination,3,,,1999,2000,14,N,28,1020,54.902,4.006,0.189,37.907,79.516,16.995,24.614,,,,,,,7.399,7.399,35,"31, 4",,
55,CSE Asia,India,Shiddhipur (UTnets),28.6500,77.6500,Combination,3,,,1999,2000,14,N,14,1950,14.359,2.664,0.267,8.504,24.245,5.855,9.886,,,,,,,10.787,10.787,35,"31, 4",,
56,CSE Asia,India,Piyawali (Control),28.5490,77.5540,Combination,3,80104792,744,1999,2000,7,N,82,6520,12.577,2.532,0.110,10.129,15.616,2.448,3.039,,,,,,,7.162,7.162,36,"31, 4",,
57,CSE Asia,India,Jadoanpur (Control),28.6500,77.6500,Combination,3,,,1995,1996,7,N,19,693,27.417,3.311,0.229,17.488,42.984,9.929,15.567,,,,,,,19.412,19.412,34,"31, 4",,
58,CSE Asia,India,Sundargarh (plains),22.2474,84.7465,GPS,1,1701189601,749,2001,2003,7,Y,210,6489,32.362,3.477,0.069,28.268,37.049,4.094,4.687,7053,89,0.0,99.0,1.262,1.654,1.765,1.654,37,37,,
59,CSE Asia,India,Sundargarh (forest),22.0073,84.8111,GPS,1,-1201966277,749,2001,2003,7,Y,1828,6174,296.080,5.691,0.023,282.814,309.969,13.267,13.889,7807,833,0.0,99.0,10.670,13.986,12.408,13.986,37,37,,
60,CSE Asia,India,Sundargarh (plains II),22.2389,84.7428,GPS,1,2117286808,749,2001,2001,7,Y,86,2163,39.760,3.683,0.108,32.185,49.117,7.575,9.357,3002,57,0.0,99.0,1.899,2.489,2.439,2.489,39,39,,
61,CSE Asia,India,Sundargarh (forest II),22.0076,84.8150,GPS,1,198523199,749,2001,2001,7,Y,611,2058,296.890,5.693,0.040,274.258,321.390,22.632,24.500,3134,340,0.0,99.0,10.849,14.220,15.043,14.220,39,39,,
62,CSE Asia,India,Banganatham,13.1040,77.9820,Combination,3,,,1994,1994,14,Y,1,390,2.564,0.942,1.000,0.361,18.203,2.203,15.639,,,,,,,11.198,11.198,40,4,,
63,CSE Asia,India,Bodapatti,13.1410,78.1360,Combination,3,,,1994,1996,14,Y,3,1188,2.525,0.926,0.577,0.814,7.830,1.711,5.305,,,,,,,8.881,8.881,40,4,,
64,CSE Asia,India,Puram,13.1480,78.2960,Combination,3,,,1994,1996,14,Y,15,1194,12.563,2.531,0.258,7.574,20.839,4.989,8.276,,,,,,,11.251,11.251,40,4,,
65,CSE Asia,India,Jeypore (Riverine),19.1811,82.5268,Combination,3,1409139147,808,1988,1989,14,N,114,2441,93.404,4.537,0.094,77.740,112.225,15.665,18.821,1804,39,0.0,99.0,2.162,2.834,32.222,2.834,41,42,,
66,CSE Asia,India,Jeypore (Top hill),18.9827,82.7162,Combination,3,2071425712,808,1988,1989,14,N,64,1234,103.728,4.642,0.125,81.188,132.525,22.540,28.797,6259,160,0.0,99.0,2.556,3.351,32.181,3.351,41,42,,
67,CSE Asia,India,Jeypore (Foothill),19.7854,82.1661,Combination,3,1394240917,808,1988,1989,14,N,449,2360,380.508,5.942,0.047,346.891,417.384,33.618,36.875,1608,95,0.0,99.0,5.908,7.744,31.197,7.744,41,42,,
68,CSE Asia,India,Malkangiri (Plain),18.6039,82.0804,Combination,3,225073246,808,1988,1989,14,N,97,712,272.472,5.608,0.102,223.303,332.468,49.169,59.996,,,,,,,33.651,33.651,41,42,,
69,CSE Asia,India,Malkingiri (foot hill),18.2793,82.3059,Combination,3,1091127537,808,1988,1989,14,N,152,377,806.366,6.693,0.081,687.843,945.312,118.523,138.946,339,115,0.0,99.0,33.923,44.465,34.048,44.465,41,42,,
70,CSE Asia,India,Malkingiri (riverine),17.8193,81.5799,Combination,3,-1466565497,808,1988,1989,14,N,91,1137,160.070,5.076,0.105,130.340,196.582,29.730,36.511,227,86,0.0,99.0,37.885,49.658,31.380,49.658,41,42,,
71,CSE Asia,India,Malkangiri (tophill),18.2748,82.1977,Combination,3,570338748,808,1988,1989,14,N,50,118,847.458,6.742,0.141,642.300,1118.145,205.158,270.688,101,45,0.0,99.0,44.554,58.400,34.379,58.400,41,42,,
72,CSE Asia,India,Jeypore (tophill),18.9827,82.7162,Combination,3,2071425712,808,1988,1989,14,N,285,698,816.619,6.705,0.059,727.106,917.152,89.513,100.533,387,190,0.0,99.0,49.096,64.352,32.275,64.352,41,42,,
73,CSE Asia,India,Jeypore,18.9827,82.7162,Combination,3,2071425712,808,1987,1987,14,N,1080,15303,141.149,4.950,0.030,132.977,149.823,8.172,8.674,10058,484,0.0,99.0,4.812,6.307,33.186,6.307,42,42,,
74,CSE Asia,India,Birkera,22.1330,84.7990,Encarta,1,-1997652953,1167,2003,2003,14,N,42,367,228.883,5.433,0.154,169.148,309.713,59.735,80.830,734,126,0.0,99.0,17.166,22.501,4.792,22.501,47,47,,
75,CSE Asia,India,Dudurta,22.2431,85.0447,GPS,1,-1997652953,1167,2003,2003,14,N,33,506,130.435,4.871,0.174,92.729,183.473,37.706,53.038,1012,32,0.0,99.0,3.162,4.145,10.606,4.145,47,47,,
76,CSE Asia,India,San Pokhari,22.4583,85.1911,GPS,1,-1997652953,1167,2003,2003,14,N,29,271,214.022,5.366,0.186,148.728,307.982,65.295,93.960,542,59,0.0,99.0,10.886,14.268,9.988,14.268,47,47,,
77,CSE Asia,India,Kuaramunda (area 1 Control),22.3010,84.7830,Encarta,1,791584687,766,1989,1990,7,N,125,626,199.681,5.297,0.089,167.572,237.942,32.109,38.261,77,21,0.0,99.0,27.273,35.748,13.710,35.748,51,51,,
78,CSE Asia,India,Kuaramunda (area 1 Control),22.3010,84.7830,Encarta,1,791584687,766,1990,1991,7,N,286,786,363.868,5.897,0.059,324.048,408.580,39.819,44.712,103,38,0.0,99.0,36.893,48.358,12.523,48.358,51,51,,
79,CSE Asia,India,Kuaramunda (area 1 Control),22.3010,84.7830,Encarta,1,791584687,766,1991,1992,7,N,231,808,285.891,5.656,0.066,251.301,325.242,34.590,39.351,258,38,0.0,99.0,14.729,19.306,11.663,19.306,51,51,,
80,CSE Asia,India,Kuaramunda (area 1 Control),22.3010,84.7830,Encarta,1,791584687,766,1992,1993,7,N,155,814,190.418,5.249,0.080,162.681,222.884,27.737,32.466,258,38,0.0,99.0,14.729,19.306,11.199,19.306,51,51,,
81,CSE Asia,India,Kuaramunda (area 2 untreated),22.3010,84.7830,Encarta,1,791584687,766,1989,1990,7,N,250,1089,229.568,5.436,0.063,202.804,259.865,26.764,30.297,188,32,0.0,99.0,17.021,22.311,13.686,22.311,51,51,,
82,CSE Asia,India,Kuaramunda (area 2 untreated),22.3010,84.7830,Encarta,1,791584687,766,1990,1991,7,N,285,1226,232.463,5.449,0.059,206.982,261.082,25.481,28.618,230,35,0.0,99.0,15.217,19.946,12.545,19.946,51,51,,
83,CSE Asia,India,Kuaramunda (area 2 untreated),22.3010,84.7830,Encarta,1,791584687,766,1991,1992,7,N,211,1328,158.886,5.068,0.069,138.830,181.838,20.055,22.952,223,22,0.0,99.0,9.865,12.931,11.646,12.931,51,51,,
84,CSE Asia,India,Kuaramunda (area 2 untreated),22.3010,84.7830,Encarta,1,791584687,766,1992,1993,7,N,118,1403,84.105,4.432,0.092,70.220,100.736,13.885,16.631,223,22,0.0,99.0,9.865,12.931,11.216,12.931,51,51,,
85,CSE Asia,India,Kuaramunda (area 3 treated ),22.3010,84.7830,Encarta,1,791584687,766,1989,1990,7,N,289,1134,254.850,5.541,0.059,227.098,285.994,27.752,31.144,283,55,0.0,99.0,19.435,25.474,13.746,25.474,51,51,,
86,CSE Asia,India,Kuaramunda (area 3 treated ),22.3010,84.7830,Encarta,1,791584687,766,1990,1991,7,N,156,1147,136.007,4.913,0.080,116.254,159.116,19.753,23.109,174,19,0.0,99.0,10.920,14.313,12.542,14.313,51,51,,
87,CSE Asia,India,Kuaramunda (area 3 treated ),22.3010,84.7830,Encarta,1,791584687,766,1991,1992,7,N,156,1187,131.424,4.878,0.080,112.337,153.754,19.087,22.330,151,11,0.0,99.0,7.285,9.548,11.634,9.548,51,51,,
88,CSE Asia,India,Kuaramunda (area 3 treated ),22.3010,84.7830,Encarta,1,791584687,766,1992,1993,7,N,75,1220,61.475,4.119,0.115,49.024,77.089,12.451,15.613,151,11,0.0,99.0,7.285,9.548,11.205,9.548,51,51,,
89,CSE Asia,India,Janghira,21.4333,85.6166,Encarta,1,-1049714305,747,1994,1994,14,Y,1279,28225,45.314,3.814,0.028,42.898,47.867,2.417,2.553,1049,88,0.0,99.0,8.389,10.996,17.878,10.996,52,52,,
90,CSE Asia,India,Jiranga,18.9827,82.7162,Combination,3,2071425712,808,1994,1996,14,Y,2351,67566,34.796,3.549,0.021,33.417,36.231,1.378,1.435,1042,93,0.0,99.0,8.925,11.699,25.490,11.699,52,52,,
91,CSE Asia,India,B.Singpur,21.6830,85.2650,Encarta,1,1714011823,733,1987,1988,14,N,252,1476,341.463,5.833,0.063,301.802,386.337,39.661,44.873,12122,1285,0.0,99.0,10.601,13.895,36.642,13.895,55,56,,
92,CSE Asia,India,Sonapur,26.1160,91.9820,Encarta,1,-1269487330,898,1990,1992,7,N,8026,67545,118.824,4.778,0.011,116.253,121.453,2.571,2.628,5969,834,0.0,99.0,13.972,18.314,31.871,18.314,58,59,,
93,CSE Asia,India,Medeluanjan and Paninara,26.6010,94.1990,Encarta,1,1123180455,730,2001,2002,7,Y,174,2625,66.286,4.194,0.076,57.133,76.904,9.152,10.619,,,0.0,99.0,,,18.008,18.008,60,60,,
94,CSE Asia,India,San Dulakudar,22.1749,84.7850,GPS,1,107125210,749,1998,1999,7,Y,197,264,746.212,6.615,0.071,648.956,858.043,97.256,111.831,272,52,0.0,99.0,19.118,25.058,11.166,25.058,61,61,,
95,CSE Asia,India,San Dulakudar,22.1749,84.7850,GPS,1,107125210,749,1999,2000,7,Y,156,263,593.156,6.385,0.080,507.010,693.938,86.145,100.782,192,40,0.0,99.0,20.833,27.307,9.583,27.307,61,61,,
96,CSE Asia,India,San Dulakudar,22.1749,84.7850,GPS,1,107125210,749,2000,2001,7,Y,159,266,597.744,6.393,0.079,511.693,698.267,86.051,100.522,305,41,0.0,99.0,13.443,17.620,7.719,17.620,61,61,,
97,CSE Asia,India,San Dulakudar,22.1749,84.7850,GPS,1,107125210,749,2001,2002,7,Y,174.4969,271,643.900,6.468,0.076,555.111,746.891,88.789,102.991,,,0.0,99.0,17.600,23.069,6.003,23.069,67,,FU Sharma 02/12/08 re geo-positions and data,
98,CSE Asia,India,San Dulakudar,22.1749,84.7850,GPS,1,107125210,749,2002,2003,7,Y,106.232,271,392.000,5.971,0.097,324.115,474.104,67.885,82.104,,,0.0,99.0,4.500,5.898,4.266,5.898,67,,FU Sharma 02/12/08 re geo-positions and data,
99,CSE Asia,India,San Dulakudar,22.1749,84.7850,GPS,1,107125210,749,2003,2004,7,Y,69.105,271,255.000,5.541,0.120,201.439,322.802,53.561,67.802,,,0.0,99.0,5.000,6.554,2.562,6.554,67,,FU Sharma 02/12/08 re geo-positions and data,
100,CSE Asia,India,San Dulakudar,22.1749,84.7850,GPS,1,107125210,749,2004,2005,7,Y,46.07,271,170.000,5.136,0.147,127.362,226.913,42.638,56.913,,,0.0,99.0,4.000,5.243,2.212,5.243,67,,FU Sharma 02/12/08 re geo-positions and data,
101,CSE Asia,India,San Dulakudar,22.1749,84.7850,GPS,1,107125210,749,2005,2006,7,Y,63.685,271,235.000,5.460,0.125,183.824,300.423,51.176,65.423,,,0.0,99.0,3.000,3.932,2.992,3.932,67,,FU Sharma 02/12/08 re geo-positions and data,
102,CSE Asia,India,Pandaripathar and Jagda (control),21.9932,84.7985,GPS,1,-811359295,749,2001,2002,7,Y,82.1652,299,274.800,5.616,0.110,221.366,341.133,53.434,66.333,,,0.0,99.0,18.900,24.773,14.430,24.773,67,,FU Sharma 02/12/08 re geo-positions and data,
103,CSE Asia,India,Pandaripathar and Jagda (control),21.9932,84.7985,GPS,1,-811359295,749,2002,2003,7,Y,92.69,299,310.000,5.737,0.104,252.899,379.994,57.101,69.994,,,0.0,99.0,20.000,26.215,11.494,26.215,67,,FU Sharma 02/12/08 re geo-positions and data,
104,CSE Asia,India,Pandaripathar and Jagda (control),21.9932,84.7985,GPS,1,-811359295,749,2003,2004,7,Y,94.185,299,315.000,5.753,0.103,257.395,385.497,57.605,70.497,,,0.0,99.0,15.900,20.841,8.326,20.841,67,,FU Sharma 02/12/08 re geo-positions and data,
105,CSE Asia,India,Pandaripathar and Jagda (control),21.9932,84.7985,GPS,1,-811359295,749,2004,2005,7,Y,98.67,299,330.000,5.799,0.101,270.907,401.983,59.093,71.983,,,0.0,99.0,20.000,26.215,7.514,26.215,67,,FU Sharma 02/12/08 re geo-positions and data,
106,CSE Asia,India,Pandaripathar and Jagda (control),21.9932,84.7985,GPS,1,-811359295,749,2005,2006,7,Y,82.1652,299,274.800,5.616,0.110,221.366,341.133,53.434,66.333,,,0.0,99.0,14.500,19.006,8.518,19.006,67,,FU Sharma 02/12/08 re geo-positions and data,
107,CSE Asia,India,Duduwa,22.9593,80.1923,Combination,2,,,1987,1995,7,Y,412,4671,88.204,4.480,0.049,80.085,97.146,8.119,8.942,,,,,,,18.856,18.856,62,4,,
108,CSE Asia,India,Khapa,22.9908,80.1457,Combination,2,,,1987,1995,7,Y,394,2745,143.534,4.967,0.050,130.038,158.430,13.496,14.896,,,,,,,18.712,18.712,62,4,,
109,CSE Asia,India,Magardha,22.9839,80.1912,Combination,2,,,1987,1995,7,Y,457,7470,61.178,4.114,0.047,55.818,67.052,5.360,5.874,,,,,,,18.750,18.750,62,4,,
110,CSE Asia,India,Tarwani,22.9660,80.1399,Combination,2,,,1987,1995,7,Y,288,3870,74.419,4.310,0.059,66.301,83.530,8.117,9.111,,,,,,,18.796,18.796,62,4,,
111,CSE Asia,India,Balijanbanua,,,,,,,2003,2003,7,Y,30,320,93.750,4.541,0.183,65.548,134.085,28.202,40.335,,,,,,,,,63,4,FU Das 01/12/08 re geo-posistions,
112,CSE Asia,India,Duflagurh,,,,,,,2003,2003,7,Y,54,1252,43.131,3.764,0.136,33.033,56.315,10.098,13.184,,,,,,,,,63,4,FU Das 01/12/08 re geo-posistions,
113,CSE Asia,India,Kekurijan,,,,,,,2003,2003,7,Y,5,545,9.174,2.216,0.447,3.819,22.042,5.356,12.868,,,,,,,,,63,4,FU Das 01/12/08 re geo-posistions,
114,CSE Asia,India,Bisra,22.2660,84.9830,Encarta,1,1151053554,1103,1988,1989,7,?,5905,41282,143.041,4.963,0.013,139.438,146.736,3.602,3.695,370,88,2.0,9.0,23.784,23.784,29.540,23.784,64,64,,
115,CSE Asia,India,Malkangiri (area 1 un),18.3800,82.1860,Encarta,1,-313869750,770,1998,1999,14,N,107,495,432.323,6.069,0.097,357.699,522.515,74.624,90.192,153,55,1.0,14.0,35.948,37.028,24.471,37.028,65,65,,
116,CSE Asia,India,Malkangiri (area 1 un),18.3800,82.1860,Encarta,1,-313869750,770,1999,2000,14,N,94,454,414.325,6.027,0.103,338.489,507.151,75.836,92.826,157,70,1.0,14.0,44.586,45.925,23.869,45.925,65,65,,
117,CSE Asia,India,Malkangiri (area 2 tn),18.3800,82.1860,Encarta,1,-313869750,770,1998,1999,14,N,61,489,249.489,5.519,0.128,194.117,320.655,55.372,71.166,150,66,1.0,14.0,44.000,45.322,24.371,45.322,65,65,,
118,CSE Asia,India,Malkangiri (area 2 tn),18.3800,82.1860,Encarta,1,-313869750,770,1999,2000,14,N,21,448,93.698,4.540,0.218,61.091,143.708,32.607,50.010,126,22,1.0,14.0,17.460,17.985,23.900,17.985,65,65,,
119,CSE Asia,India,Malkangiri (control nn),18.3800,82.1860,Encarta,1,-313869750,770,1998,1999,14,N,51,501,203.593,5.316,0.140,154.728,267.890,48.865,64.297,115,49,1.0,14.0,42.609,43.889,24.466,43.889,65,65,,
120,CSE Asia,India,Malkangiri (control nn),18.3800,82.1860,Encarta,1,-313869750,770,1999,2000,14,N,69,459,300.490,5.705,0.120,237.332,380.456,63.158,79.966,123,75,1.0,14.0,60.976,62.807,23.911,62.807,65,65,,
121,CSE Asia,India,Malkangiri (area 1 un),18.3800,82.1860,Encarta,1,-313869750,770,2000,2001,14,N,94,528,356.061,5.875,0.103,290.889,435.833,65.171,79.773,133,70,0.0,14.0,52.6315789473684,55.766,23.298,55.766,65A,65A,New Sahu et al (2008),
122,CSE Asia,India,Malkangiri (area 1 un),18.3800,82.1860,Encarta,1,-313869750,770,2001,2003,14,N,213,924,461.039,6.133,0.069,403.100,527.305,57.939,66.266,278,92,0.0,14.0,33.0935251798561,35.064,21.486,35.064,65A,65A,New Sahu et al (2008),
123,CSE Asia,India,Malkangiri (area 2 tn),18.3800,82.1860,Encarta,1,-313869750,770,2000,2001,14,N,90,497,362.173,5.892,0.105,294.571,445.289,67.602,83.116,135,54,0.0,14.0,40.000,42.382,23.319,42.382,65A,65A,New Sahu et al (2008),
124,CSE Asia,India,Malkangiri (area 2 tn),18.3800,82.1860,Encarta,1,-313869750,770,2001,2003,14,N,61,870,140.270,4.944,0.128,109.139,180.282,31.132,40.012,299,47,0.0,14.0,15.719,16.655,21.506,16.655,65A,65A,New Sahu et al (2008),
125,CSE Asia,India,Malkangiri (control nn),18.3800,82.1860,Encarta,1,-313869750,770,2000,2001,14,N,69,590,233.898,5.455,0.120,184.736,296.143,49.162,62.245,154,50,0.0,14.0,32.468,34.401,23.266,34.401,65A,65A,New Sahu et al (2008),
126,CSE Asia,India,Malkangiri (control nn),18.3800,82.1860,Encarta,1,-313869750,770,2001,2003,14,N,356,1033,689.588,6.536,0.053,621.549,765.076,68.039,75.487,318,169,0.0,14.0,53.145,56.309,21.541,56.309,65A,65A,New Sahu et al (2008),
127,CSE Asia,India,Kurseong,26.8850,88.2780,Other,1,-746132340,898,2000,2001,14,Y,101,82117,1.230,0.207,0.100,1.012,1.495,0.218,0.265,,,,,,,0.124,0.124,68,,,
128,CSE Asia,India,Kurseong,26.8850,88.2780,Other,1,-746132340,898,2001,2002,14,Y,175,83797,2.088,0.736,0.076,1.801,2.422,0.288,0.334,,,,,,,0.092,0.092,68,,,
129,CSE Asia,India,Kurseong,26.8850,88.2780,Other,1,-746132340,898,2002,2003,14,Y,219,85504,2.561,0.941,0.068,2.244,2.924,0.318,0.363,,,,,,,0.066,0.066,68,,,
130,CSE Asia,India,Kurseong,26.8850,88.2780,Other,1,-746132340,898,2003,2004,14,Y,590,87248,6.762,1.911,0.041,6.238,7.331,0.524,0.568,,,,,,,0.042,0.042,68,,,
131,CSE Asia,India,Kurseong,26.8850,88.2780,Other,1,-746132340,898,2004,2005,14,Y,539,89028,6.054,1.801,0.043,5.564,6.588,0.490,0.533,,,,,,,0.025,0.025,68,,,
132,CSE Asia,Iran,Ghassareghand,26.0708,60.7917,Pers. Comm.,2,-1371961689,739,1995,1995,10,Y,13,2900,4.483,1.500,0.277,2.603,7.720,1.880,3.237,,,,,,,9.002,9.002,32,4,,
133,CSE Asia,Myanmar,Oo-Do,17.1140,96.2550,Combination,2,-557665958,319,1995,1997,7,N,91,348,261.494,5.566,0.105,212.927,321.140,48.567,59.645,3034,1105,0.0,99.0,36.421,47.738,38.062,47.738,66,66,,
134,CSE Asia,Sri Lanka,Mahameegaswewa,8.1336,80.7459,Other,1,-631416847,693,1994,1995,2,Y,122,280,124.490,4.824,0.091,104.248,148.662,20.242,24.172,560,26,0.0,99.0,4.643,6.086,5.278,6.086,45,46,,
135,CSE Asia,Thailand,Mae-Ramand District,16.9167,98.6667,Paper,1,,,1993,1994,7,Y,71,757,93.791,4.541,0.119,74.326,118.354,19.465,24.563,,,,,,,13.763,13.763,43,4,,
136,CSE Asia,Thailand,Shoklo refugee camp,17.4160,98.1760,Pers. Comm.,1,1228237017,73,1991,1992,7,Y,121,356,339.888,5.829,0.091,284.415,406.180,55.473,66.293,428,36,0,99,8.411,11.025,14.003,11.025,48,48,,
137,CSE Asia,Thailand,Shoklo refugee camp,17.4160,98.1760,Pers. Comm.,1,1960497065,294,1992,1992,7,Y,130,345,376.812,5.932,0.088,317.298,447.488,59.513,70.676,349,23,0.0,14.0,6.590,6.983,14.357,6.983,49,50,,
138,CSE Asia,Thailand,Bo Thong,13.2670,101.4320,Encarta,1,-1151426206,62,1989,1989,7,Y,33,242,136.364,4.915,0.174,96.944,191.812,39.420,55.449,253,24,0.0,99.0,9.486,12.434,10.509,12.434,53,53,FU Kamolratanakul 01/12/08 re PR per ACD year,
139,CSE Asia,Thailand,Bo Thong,13.2670,101.4320,Encarta,1,-1151426206,62,1989,1990,7,Y,8,242,33.058,3.498,0.354,16.532,66.104,16.526,33.046,253,24,0.0,99.0,9.486,12.434,10.207,12.434,53,53,FU Kamolratanakul 01/12/08 re PR per ACD year,
140,CSE Asia,Thailand,Bo Thong,13.2670,101.4320,Encarta,1,-1151426206,62,1987,1988,7,N,12,82,145.985,4.984,0.289,82.906,257.060,63.080,111.075,253,24,0.0,99.0,9.486,12.434,11.305,12.434,54,53,FU Kamolratanakul 01/12/08 re PR per ACD year,
141,CSE Asia,Thailand,Pong Nam Ron (Klong takon and Na Jork),12.9160,102.3820,Combination,3,2129224980,61,1989,1990,7,Y,21,421,49.881,3.910,0.218,32.523,76.505,17.359,26.623,451,50,0.0,99.0,11.086,14.532,9.970,14.532,57,57,,
142,CSE Asia,Vietnam,Phu Cuong,15.1431,108.1367,Map,1,930713006,3213,1999,2000,7,Y,0,750,0.000,,,,,,,,,,,,,2.788,2.788,30,30,,
143,CSE Asia,Vietnam,An Trach,9.1838,105.3194,Pers. Comm.,2,150776543,27,1999,2001,7,Y,12,910,13.184,2.579,0.289,7.487,23.215,5.697,10.031,1928,8,0.0,99.0,0.415,0.544,0.516,0.544,33,33,,
144,CSE Asia,Vietnam,Suoi Kiet,10.9670,107.6330,Encarta,1,-748204447,271,1999,2001,7,Y,102,957,106.616,4.669,0.099,87.809,129.452,18.807,22.835,1966,28,0.0,99.0,1.424,1.867,2.081,1.867,38,38,,
,,,,,,,,,,,,,,,,,,,,,,,,,,,,,,,,,,
,,,,,,,,,,,,,,,,,,,,,,,,,,,,,,,,,,
,,,,,,,,,,,,,,,,,,,,,,,,,,,,,,,,,,
,,,,,,,,,,,,,,,,,,,,,,,,,,,,,,,,,,
,,,,,,,,,,,,,,,,,,,,,,,,,,,,,,,,,,
,,,,,,,,,,,,,,,,,,,,,,,,,,,,,,,,,,
,,,,,,,,,,,,,,,,,,,,,,,,,,,,,,,,,,
,,,,,,,,,,,,,,,,,,,,,,,,,,,,,,,,,,
,,,,,,,,,,,,,,,,,,,,,,,,,,,,,,,,,,
,,,,,,,,,,,,,,,,,,,,,,,,,,,,,,,,,,
,,,,,,,,,,,,,,,,,,,,,,,,,,,,,,,,,,
,,,,,,,,,,,,,,,,,,,,,,,,,,,,,,,,,,
,,,,,,,,,,,,,,,,,,,,,,,,,,,,,,,,,,
,,,,,,,,,,,,,,,,,,,,,,,,,,,,,,,,,,
,,,,,,,,,,,,,,,,,,,,,,,,,,,,,,,,,,
,,,,,,,,,,,,,,,,,,,,,,,,,,,,,,,,,,
,,,,,,,,,,,,,,,,,,,,,,,,,,,,,,,,,,
,,,,,,,,,,,,,,,,,,,,,,,,,,,,,,,,,,
,,,,,,,,,,,,,,,,,,,,,,,,,,,,,,,,,,
,,,,,,,,,,,,,,,,,,,,,,,,,,,,,,,,,,
,,,,,,,,,,,,,,,,,,,,,,,,,,,,,,,,,,
,,,,,,,,,,,,,,,,,,,,,,,,,,,,,,,,,,
,,,,,,,,,,,,,,,,,,,,,,,,,,,,,,,,,,
,,,,,,,,,,,,,,,,,,,,,,,,,,,,,,,,,,
,,,,,,,,,,,,,,,,,,,,,,,,,,,,,,,,,,
,,,,,,,,,,,,,,,,,,,,,,,,,,,,,,,,,,
,,,,,,,,,,,,,,,,,,,,,,,,,,,,,,,,,,
,,,,,,,,,,,,,,,,,,,,,,,,,,,,,,,,,,
,,,,,,,,,,,,,,,,,,,,,,,,,,,,,,,,,,
,,,,,,,,,,,,,,,,,,,,,,,,,,,,,,,,,,
,,,,,,,,,,,,,,,,,,,,,,,,,,,,,,,,,,
,,,,,,,,,,,,,,,,,,,,,,,,,,,,,,,,,,
,,,,,,,,,,,,,,,,,,,,,,,,,,,,,,,,,,
,,,,,,,,,,,,,,,,,,,,,,,,,,,,,,,,,,
,,,,,,,,,,,,,,,,,,,,,,,,,,,,,,,,,,
,,,,,,,,,,,,,,,,,,,,,,,,,,,,,,,,,,
,,,,,,,,,,,,,,,,,,,,,,,,,,,,,,,,,,
,,,,,,,,,,,,,,,,,,,,,,,,,,,,,,,,,,
,,,,,,,,,,,,,,,,,,,,,,,,,,,,,,,,,,
,,,,,,,,,,,,,,,,,,,,,,,,,,,,,,,,,,
,,,,,,,,,,,,,,,,,,,,,,,,,,,,,,,,,,
,,,,,,,,,,,,,,,,,,,,,,,,,,,,,,,,,,
,,,,,,,,,,,,,,,,,,,,,,,,,,,,,,,,,,
,,,,,,,,,,,,,,,,,,,,,,,,,,,,,,,,,,
,,,,,,,,,,,,,,,,,,,,,,,,,,,,,,,,,,
,,,,,,,,,,,,,,,,,,,,,,,,,,,,,,,,,,
,,,,,,0.00007,,,,,,,,,,,,,,,,,,,,,,,,,,,,